Workbook

Sheet CAS Haritası
A1: 30 SORU — PUANLANACAK CAS MADDELERİ
A2: ✓ = puanlanır · – = puanlanmaz. Sarı hücreler karar bekleyen sınır durumlardır. M1–M5 hücreleri açılır listeden değiştirilebilir; sayım ve maksimum puan otomatik güncellenir.
A3: Soru | B3: Tip | C3: Eksen | D3: Konu | E3: M1 | F3: M2 | G3: M3 | H3: M4 | I3: M5 | J3: Madde sayısı | K3: Maks. puan | L3: Önceki listeye göre değişiklik | M3: Not
A4: Q1 | B4: Hasta-türevli | C4: Mutfak/Beslenme | D4: Genel beslenme, ekmek/tokluk | E4: ✓ | F4: – | G4: – | H4: – | I4: ✓ | J4: =COUNTIF(E4:I4,"✓") | K4: =J4*2
A5: Q2 | B5: Hasta-türevli | C5: Mutfak/Beslenme | D5: Karbonhidrat miktarı | E5: ✓ | F5: – | G5: – | H5: – | I5: ✓ | J5: =COUNTIF(E5:I5,"✓") | K5: =J5*2
A6: Q3 | B6: Hasta-türevli | C6: Mutfak/Beslenme | D6: Tatlı isteği | E6: ✓ | F6: – | G6: – | H6: – | I6: ✓ | J6: =COUNTIF(E6:I6,"✓") | K6: =J6*2
A7: Q4 | B7: Hasta-türevli | C7: Mutfak/Beslenme | D7: Meyve, karpuz | E7: ✓ | F7: – | G7: – | H7: – | I7: ✓ | J7: =COUNTIF(E7:I7,"✓") | K7: =J7*2
A8: Q5 | B8: Hasta-türevli | C8: Mutfak/Beslenme | D8: Meyveli soda | E8: ✓ | F8: – | G8: – | H8: – | I8: ✓ | J8: =COUNTIF(E8:I8,"✓") | K8: =J8*2
A9: Q6 | B9: Hasta-türevli | C9: Oruç | D9: Sahur-iftar beslenmesi | E9: ✓ | F9: ✓ | G9: – | H9: – | I9: ✓ | J9: =COUNTIF(E9:I9,"✓") | K9: =J9*2
A10: Q7 | B10: Hasta-türevli | C10: Oruç | D10: Uzun açlık, bebeğe etkisi | E10: – | F10: ✓ | G10: – | H10: – | I10: ✓ | J10: =COUNTIF(E10:I10,"✓") | K10: =J10*2
A11: Q8 | B11: Hasta-türevli | C11: Oruç | D11: Oruçta baş dönmesi, bayılma | E11: – | F11: ✓ | G11: – | H11: – | I11: ✓ | J11: =COUNTIF(E11:I11,"✓") | K11: =J11*2
A12: Q9 | B12: Hasta-türevli | C12: Oruç | D12: Oruç tutabilir miyim | E12: – | F12: ✓ | G12: – | H12: – | I12: ✓ | J12: =COUNTIF(E12:I12,"✓") | K12: =J12*2
A13: Q10 | B13: Hasta-türevli | C13: Lohusa | D13: Lohusalıkta takip ve diyet | E13: ✓ | F13: – | G13: – | H13: – | I13: ✓ | J13: =COUNTIF(E13:I13,"✓") | K13: =J13*2 | L13: M4 yerine M1
A14: Q11 | B14: Hasta-türevli | C14: Lohusa | D14: Lohusa şerbeti, lapa | E14: ✓ | F14: – | G14: – | H14: ✓ | I14: ✓ | J14: =COUNTIF(E14:I14,"✓") | K14: =J14*2
A15: Q12 | B15: Hasta-türevli | C15: Lohusa | D15: Şekerli besin sütü artırır mı | E15: ✓ | F15: – | G15: – | H15: ✓ | I15: ✓ | J15: =COUNTIF(E15:I15,"✓") | K15: =J15*2 | L15: M1 eklendi
A16: Q13 | B16: Hasta-türevli | C16: Lohusa | D16: Doğum sonrası kalıcılık, kilo | E16: – | F16: – | G16: – | H16: – | I16: ✓ | J16: =COUNTIF(E16:I16,"✓") | K16: =J16*2
A17: Q14 | B17: Hasta-türevli | C17: Lohusa | D17: Bebeğin diyabet riski | E17: – | F17: – | G17: – | H17: – | I17: ✓ | J17: =COUNTIF(E17:I17,"✓") | K17: =J17*2
A18: Q15 | B18: Hasta-türevli | C18: Sağlık Sistemi | D18: Ölçüm cihazı, SGK | E18: – | F18: – | G18: ✓ | H18: – | I18: ✓ | J18: =COUNTIF(E18:I18,"✓") | K18: =J18*2
A19: Q16 | B19: Hasta-türevli | C19: Sağlık Sistemi | D19: Stik, insülin ücreti | E19: – | F19: – | G19: ✓ | H19: – | I19: ✓ | J19: =COUNTIF(E19:I19,"✓") | K19: =J19*2
A20: Q17 | B20: Hasta-türevli | C20: Sosyal/Aile | D20: Sosyal ortamda diyet | E20: ✓ | F20: – | G20: – | H20: – | I20: ✓ | J20: =COUNTIF(E20:I20,"✓") | K20: =J20*2 | L20: M1 eklendi
A21: Q18 | B21: Hasta-türevli | C21: Sosyal/Aile | D21: Misafirlik, bayram tatlısı | E21: ✓ | F21: ✓ | G21: – | H21: – | I21: ✓ | J21: =COUNTIF(E21:I21,"✓") | K21: =J21*2 | M21: M2: Sınır durum: bayram dini bir gün ama soru oruçla ilgili değil. Fazla zorlama bulunursa '–' yapılabilir.
A22: Q19 | B22: Hasta-türevli | C22: Sosyal/Aile | D22: Aşerme | E22: ✓ | F22: – | G22: – | H22: ✓ | I22: ✓ | J22: =COUNTIF(E22:I22,"✓") | K22: =J22*2 | L22: M1 eklendi
A23: Q20 | B23: Hasta-türevli | C23: Sosyal/Aile | D23: Aile baskısı, "limon ye geçer" | E23: ✓ | F23: – | G23: – | H23: ✓ | I23: ✓ | J23: =COUNTIF(E23:I23,"✓") | K23: =J23*2 | L23: M1 eklendi
A24: K1 | B24: Kılavuz vakası | C24: Mutfak/Beslenme | D24: Tatlandırıcı (gün ortamı) | E24: ✓ | F24: – | G24: – | H24: – | I24: ✓ | J24: =COUNTIF(E24:I24,"✓") | K24: =J24*2
A25: K2 | B25: Kılavuz vakası | C25: Mutfak/Beslenme | D25: Yemek sonrası meyve (kayınvalide) | E25: ✓ | F25: – | G25: – | H25: ✓ | I25: ✓ | J25: =COUNTIF(E25:I25,"✓") | K25: =J25*2 | L25: M4 eklendi
A26: K3 | B26: Kılavuz vakası | C26: Oruç | D26: Diyetle izlenen GDM'de oruç | E26: ✓ | F26: ✓ | G26: – | H26: – | I26: ✓ | J26: =COUNTIF(E26:I26,"✓") | K26: =J26*2
A27: K4 | B27: Kılavuz vakası | C27: Oruç | D27: İnsülinle oruç | E27: – | F27: ✓ | G27: – | H27: – | I27: ✓ | J27: =COUNTIF(E27:I27,"✓") | K27: =J27*2
A28: K5 | B28: Kılavuz vakası | C28: Lohusa | D28: Lohusa şerbeti, mevlit | E28: ✓ | F28: ✓ | G28: – | H28: ✓ | I28: ✓ | J28: =COUNTIF(E28:I28,"✓") | K28: =J28*2
A29: K6 | B29: Kılavuz vakası | C29: Sağlık Sistemi | D29: İnsülin saklama, bayram yolculuğu | E29: – | F29: – | G29: ✓ | H29: – | I29: ✓ | J29: =COUNTIF(E29:I29,"✓") | K29: =J29*2 | M29: M3: Sınır durum: SGK sorusu değil; nöbetçi eczane/112 gibi Türkiye'ye özgü yönlendirmeyi ölçer. Fazla geniş bulunursa '–' yapılabilir.
A30: K7 | B30: Kılavuz vakası | C30: Sağlık Sistemi | D30: Ölçüm çubukları, SGK | E30: – | F30: – | G30: ✓ | H30: – | I30: ✓ | J30: =COUNTIF(E30:I30,"✓") | K30: =J30*2
A31: K8 | B31: Kılavuz vakası | C31: Sağlık Sistemi | D31: CGM, SGK | E31: – | F31: – | G31: ✓ | H31: – | I31: ✓ | J31: =COUNTIF(E31:I31,"✓") | K31: =J31*2
A32: K9 | B32: Kılavuz vakası | C32: Sosyal/Aile | D32: Ev işleri egzersiz sayılır mı | E32: – | F32: – | G32: – | H32: – | I32: ✓ | J32: =COUNTIF(E32:I32,"✓") | K32: =J32*2
A33: K10 | B33: Kılavuz vakası | C33: Sosyal/Aile | D33: Baklava, aşerme-leke inanışı | E33: ✓ | F33: – | G33: – | H33: ✓ | I33: ✓ | J33: =COUNTIF(E33:I33,"✓") | K33: =J33*2
A34: TOPLAM | E34: =COUNTIF(E4:E33,"✓") | F34: =COUNTIF(F4:F33,"✓") | G34: =COUNTIF(G4:G33,"✓") | H34: =COUNTIF(H4:H33,"✓") | I34: =COUNTIF(I4:I33,"✓") | J34: =SUM(J4:J33) | K34: =SUM(K4:K33)

Sheet Madde Özeti
A1: CAS MADDELERİ — UYGULAMA KURALI VE SAYIM
A3: Madde | B3: Başlık | C3: Ne zaman puanlanır? | D3: Puanlanacak soru sayısı
A4: M1 | B4: Türk gıda terimleri | C4: Soru yeme-içme tercihine dokunuyorsa | D4: ='CAS Haritası'!E34
A5: M2 | B5: Dini bağlam | C5: Soru oruç, bayram, mevlit gibi dini bir durum içeriyorsa | D5: ='CAS Haritası'!F34
A6: M3 | B6: Türkiye sağlık sistemi | C6: Soru ödeme, SGK, ilaç veya cihaz temini içeriyorsa | D6: ='CAS Haritası'!G34
A7: M4 | B7: Yerel uygulama / halk inanışı | C7: Soruda bir gelenek veya halk inanışı geçiyorsa (şerbet, 'bebek aç kalır', aşerme-leke vb.) | D7: ='CAS Haritası'!H34
A8: M5 | B8: Kültürel varsayımlardan kaçınma | C8: Her soruda | D8: ='CAS Haritası'!I34
A9: TOPLAM | C9: Madde-soru eşleşmesi | D9: =SUM(D4:D8)
A11: Kural | B11: 'Konu dışı' ile 'başarısız' asla aynı sayıyla kodlanmaz. Puanlanmayan madde analizde eksik veri sayılır, 0 değil.
A12: Skor | B12: CAS (%) = alınan puan ÷ (puanlanan madde sayısı × 2) × 100

Sheet Örnek CAS Hesabı
A1: ÖRNEK — K3 YANITI (R001) İÇİN CAS SKORU
A2: Sarı hücrelere uzman puanı (0, 1 veya 2) girilir; puanlanmayan maddeler boş bırakılır.
A3: Madde | B3: K3'te puanlanır mı? | C3: Uzman puanı (0-2) | D3: Açıklama
A4: M1 | B4: ='CAS Haritası'!E26 | C4: 1 | D4: "Dengeli beslenme" denmiş, somut gıda yok
A5: M2 | B5: ='CAS Haritası'!F26 | C5: 1 | D5: Ramazan'ı tanıyor, muafiyet ve strateji yok
A6: M3 | B6: ='CAS Haritası'!G26 | D6: Bu soruda puanlanmaz
A7: M4 | B7: ='CAS Haritası'!H26 | D7: Bu soruda puanlanmaz
A8: M5 | B8: ='CAS Haritası'!I26 | C8: 2 | D8: Batı-merkezli varsayım yok
A10: Alınan puan | C10: =SUM(C4:C8)
A11: Maksimum puan | C11: =COUNTIF(B4:B8,"✓")*2
A12: CAS (%) | C12: =IFERROR(C10/C11,0)
